date,rf
20040102,0.00003
20040105,0.00003
20040106,0.00003
20040107,0.00003
20040108,0.00003
20040109,0.00003
20040112,0.00003
20040113,0.00003
20040114,0.00003
20040115,0.00003
20040116,0.00003
20040120,0.00003
20040121,0.00003
20040122,0.00003
20040123,0.00003
20040126,0.00003
20040127,0.00003
20040128,0.00003
20040129,0.00003
20040130,0.00003
20040202,0.00003
20040203,0.00003
20040204,0.00003
20040205,0.00003
20040206,0.00003
20040209,0.00003
20040210,0.00003
20040211,0.00003
20040212,0.00003
20040213,0.00003
20040217,0.00003
20040218,0.00003
20040219,0.00003
20040220,0.00003
20040223,0.00003
20040224,0.00003
20040225,0.00003
20040226,0.00003
20040227,0.00003
20040301,0.00004
20040302,0.00004
20040303,0.00004
20040304,0.00004
20040305,0.00004
20040308,0.00004
20040309,0.00004
20040310,0.00004
20040311,0.00004
20040312,0.00004
20040315,0.00004
20040316,0.00004
20040317,0.00004
20040318,0.00004
20040319,0.00004
20040322,0.00004
20040323,0.00004
20040324,0.00004
20040325,0.00004
20040326,0.00004
20040329,0.00004
20040330,0.00004
20040331,0.00004
20040401,0.00004
20040402,0.00004
20040405,0.00004
20040406,0.00004
20040407,0.00004
20040408,0.00004
20040412,0.00004
20040413,0.00004
20040414,0.00004
20040415,0.00004
20040416,0.00004
20040419,0.00004
20040420,0.00004
20040421,0.00004
20040422,0.00004
20040423,0.00004
20040426,0.00004
20040427,0.00004
20040428,0.00004
20040429,0.00004
20040430,0.00004
20040503,0.00003
20040504,0.00003
20040505,0.00003
20040506,0.00003
20040507,0.00003
20040510,0.00003
20040511,0.00003
20040512,0.00003
20040513,0.00003
20040514,0.00003
20040517,0.00003
20040518,0.00003
20040519,0.00003
20040520,0.00003
20040521,0.00003
20040524,0.00003
20040525,0.00003
20040526,0.00003
20040527,0.00003
20040528,0.00003
20040601,0.00004
20040602,0.00004
20040603,0.00004
20040604,0.00004
20040607,0.00004
20040608,0.00004
20040609,0.00004
20040610,0.00004
20040614,0.00004
20040615,0.00004
20040616,0.00004
20040617,0.00004
20040618,0.00004
20040621,0.00004
20040622,0.00004
20040623,0.00004
20040624,0.00004
20040625,0.00004
20040628,0.00004
20040629,0.00004
20040630,0.00004
20040701,0.00005
20040702,0.00005
20040706,0.00005
20040707,0.00005
20040708,0.00005
20040709,0.00005
20040712,0.00005
20040713,0.00005
20040714,0.00005
20040715,0.00005
20040716,0.00005
20040719,0.00005
20040720,0.00005
20040721,0.00005
20040722,0.00005
20040723,0.00005
20040726,0.00005
20040727,0.00005
20040728,0.00005
20040729,0.00005
20040730,0.00005
20040802,0.00005
20040803,0.00005
20040804,0.00005
20040805,0.00005
20040806,0.00005
20040809,0.00005
20040810,0.00005
20040811,0.00005
20040812,0.00005
20040813,0.00005
20040816,0.00005
20040817,0.00005
20040818,0.00005
20040819,0.00005
20040820,0.00005
20040823,0.00005
20040824,0.00005
20040825,0.00005
20040826,0.00005
20040827,0.00005
20040830,0.00005
20040831,0.00005
20040901,0.00005
20040902,0.00005
20040903,0.00005
20040907,0.00005
20040908,0.00005
20040909,0.00005
20040910,0.00005
20040913,0.00005
20040914,0.00005
20040915,0.00005
20040916,0.00005
20040917,0.00005
20040920,0.00005
20040921,0.00005
20040922,0.00005
20040923,0.00005
20040924,0.00005
20040927,0.00005
20040928,0.00005
20040929,0.00005
20040930,0.00005
20041001,0.00005
20041004,0.00005
20041005,0.00005
20041006,0.00005
20041007,0.00005
20041008,0.00005
20041011,0.00005
20041012,0.00005
20041013,0.00005
20041014,0.00005
20041015,0.00005
20041018,0.00005
20041019,0.00005
20041020,0.00005
20041021,0.00005
20041022,0.00005
20041025,0.00005
20041026,0.00005
20041027,0.00005
20041028,0.00005
20041029,0.00005
20041101,0.00007
20041102,0.00007
20041103,0.00007
20041104,0.00007
20041105,0.00007
20041108,0.00007
20041109,0.00007
20041110,0.00007
20041111,0.00007
20041112,0.00007
20041115,0.00007
20041116,0.00007
20041117,0.00007
20041118,0.00007
20041119,0.00007
20041122,0.00007
20041123,0.00007
20041124,0.00007
20041126,0.00007
20041129,0.00007
20041130,0.00007
20041201,0.00007
20041202,0.00007
20041203,0.00007
20041206,0.00007
20041207,0.00007
20041208,0.00007
20041209,0.00007
20041210,0.00007
20041213,0.00007
20041214,0.00007
20041215,0.00007
20041216,0.00007
20041217,0.00007
20041220,0.00007
20041221,0.00007
20041222,0.00007
20041223,0.00007
20041227,0.00007
20041228,0.00007
20041229,0.00007
20041230,0.00007
20041231,0.00007
20050103,0.00008
20050104,0.00008
20050105,0.00008
20050106,0.00008
20050107,0.00008
20050110,0.00008
20050111,0.00008
20050112,0.00008
20050113,0.00008
20050114,0.00008
20050118,0.00008
20050119,0.00008
20050120,0.00008
20050121,0.00008
20050124,0.00008
20050125,0.00008
20050126,0.00008
20050127,0.00008
20050128,0.00008
20050131,0.00008
20050201,0.00009
20050202,0.00009
20050203,0.00009
20050204,0.00009
20050207,0.00009
20050208,0.00009
20050209,0.00009
20050210,0.00009
20050211,0.00009
20050214,0.00009
20050215,0.00009
20050216,0.00009
20050217,0.00009
20050218,0.00009
20050222,0.00009
20050223,0.00009
20050224,0.00009
20050225,0.00009
20050228,0.00009
20050301,0.00010
20050302,0.00010
20050303,0.00010
20050304,0.00010
20050307,0.00010
20050308,0.00010
20050309,0.00010
20050310,0.00010
20050311,0.00010
20050314,0.00010
20050315,0.00010
20050316,0.00010
20050317,0.00010
20050318,0.00010
20050321,0.00010
20050322,0.00010
20050323,0.00010
20050324,0.00010
20050328,0.00010
20050329,0.00010
20050330,0.00010
20050331,0.00010
20050401,0.00010
20050404,0.00010
20050405,0.00010
20050406,0.00010
20050407,0.00010
20050408,0.00010
20050411,0.00010
20050412,0.00010
20050413,0.00010
20050414,0.00010
20050415,0.00010
20050418,0.00010
20050419,0.00010
20050420,0.00010
20050421,0.00010
20050422,0.00010
20050425,0.00010
20050426,0.00010
20050427,0.00010
20050428,0.00010
20050429,0.00010
20050502,0.00011
20050503,0.00011
20050504,0.00011
20050505,0.00011
20050506,0.00011
20050509,0.00011
20050510,0.00011
20050511,0.00011
20050512,0.00011
20050513,0.00011
20050516,0.00011
20050517,0.00011
20050518,0.00011
20050519,0.00011
20050520,0.00011
20050523,0.00011
20050524,0.00011
20050525,0.00011
20050526,0.00011
20050527,0.00011
20050531,0.00011
20050601,0.00010
20050602,0.00010
20050603,0.00010
20050606,0.00010
20050607,0.00010
20050608,0.00010
20050609,0.00010
20050610,0.00010
20050613,0.00010
20050614,0.00010
20050615,0.00010
20050616,0.00010
20050617,0.00010
20050620,0.00010
20050621,0.00010
20050622,0.00010
20050623,0.00010
20050624,0.00010
20050627,0.00010
20050628,0.00010
20050629,0.00010
20050630,0.00010
20050701,0.00012
20050705,0.00012
20050706,0.00012
20050707,0.00012
20050708,0.00012
20050711,0.00012
20050712,0.00012
20050713,0.00012
20050714,0.00012
20050715,0.00012
20050718,0.00012
20050719,0.00012
20050720,0.00012
20050721,0.00012
20050722,0.00012
20050725,0.00012
20050726,0.00012
20050727,0.00012
20050728,0.00012
20050729,0.00012
20050801,0.00013
20050802,0.00013
20050803,0.00013
20050804,0.00013
20050805,0.00013
20050808,0.00013
20050809,0.00013
20050810,0.00013
20050811,0.00013
20050812,0.00013
20050815,0.00013
20050816,0.00013
20050817,0.00013
20050818,0.00013
20050819,0.00013
20050822,0.00013
20050823,0.00013
20050824,0.00013
20050825,0.00013
20050826,0.00013
20050829,0.00013
20050830,0.00013
20050831,0.00013
20050901,0.00014
20050902,0.00014
20050906,0.00014
20050907,0.00014
20050908,0.00014
20050909,0.00014
20050912,0.00014
20050913,0.00014
20050914,0.00014
20050915,0.00014
20050916,0.00014
20050919,0.00014
20050920,0.00014
20050921,0.00014
20050922,0.00014
20050923,0.00014
20050926,0.00014
20050927,0.00014
20050928,0.00014
20050929,0.00014
20050930,0.00014
20051003,0.00013
20051004,0.00013
20051005,0.00013
20051006,0.00013
20051007,0.00013
20051010,0.00013
20051011,0.00013
20051012,0.00013
20051013,0.00013
20051014,0.00013
20051017,0.00013
20051018,0.00013
20051019,0.00013
20051020,0.00013
20051021,0.00013
20051024,0.00013
20051025,0.00013
20051026,0.00013
20051027,0.00013
20051028,0.00013
20051031,0.00013
20051101,0.00015
20051102,0.00015
20051103,0.00015
20051104,0.00015
20051107,0.00015
20051108,0.00015
20051109,0.00015
20051110,0.00015
20051111,0.00015
20051114,0.00015
20051115,0.00015
20051116,0.00015
20051117,0.00015
20051118,0.00015
20051121,0.00015
20051122,0.00015
20051123,0.00015
20051125,0.00015
20051128,0.00015
20051129,0.00015
20051130,0.00015
20051201,0.00015
20051202,0.00015
20051205,0.00015
20051206,0.00015
20051207,0.00015
20051208,0.00015
20051209,0.00015
20051212,0.00015
20051213,0.00015
20051214,0.00015
20051215,0.00015
20051216,0.00015
20051219,0.00015
20051220,0.00015
20051221,0.00015
20051222,0.00015
20051223,0.00015
20051227,0.00015
20051228,0.00015
20051229,0.00015
20051230,0.00015
20060103,0.00017
20060104,0.00017
20060105,0.00017
20060106,0.00017
20060109,0.00017
20060110,0.00017
20060111,0.00017
20060112,0.00017
20060113,0.00017
20060117,0.00017
20060118,0.00017
20060119,0.00017
20060120,0.00017
20060123,0.00017
20060124,0.00017
20060125,0.00017
20060126,0.00017
20060127,0.00017
20060130,0.00017
20060131,0.00017
20060201,0.00018
20060202,0.00018
20060203,0.00018
20060206,0.00018
20060207,0.00018
20060208,0.00018
20060209,0.00018
20060210,0.00018
20060213,0.00018
20060214,0.00018
20060215,0.00018
20060216,0.00018
20060217,0.00018
20060221,0.00018
20060222,0.00018
20060223,0.00018
20060224,0.00018
20060227,0.00018
20060228,0.00018
20060301,0.00016
20060302,0.00016
20060303,0.00016
20060306,0.00016
20060307,0.00016
20060308,0.00016
20060309,0.00016
20060310,0.00016
20060313,0.00016
20060314,0.00016
20060315,0.00016
20060316,0.00016
20060317,0.00016
20060320,0.00016
20060321,0.00016
20060322,0.00016
20060323,0.00016
20060324,0.00016
20060327,0.00016
20060328,0.00016
20060329,0.00016
20060330,0.00016
20060331,0.00016
20060403,0.00019
20060404,0.00019
20060405,0.00019
20060406,0.00019
20060407,0.00019
20060410,0.00019
20060411,0.00019
20060412,0.00019
20060413,0.00019
20060417,0.00019
20060418,0.00019
20060419,0.00019
20060420,0.00019
20060421,0.00019
20060424,0.00019
20060425,0.00019
20060426,0.00019
20060427,0.00019
20060428,0.00019
20060501,0.00020
20060502,0.00020
20060503,0.00020
20060504,0.00020
20060505,0.00020
20060508,0.00020
20060509,0.00020
20060510,0.00020
20060511,0.00020
20060512,0.00020
20060515,0.00020
20060516,0.00020
20060517,0.00020
20060518,0.00020
20060519,0.00020
20060522,0.00020
20060523,0.00020
20060524,0.00020
20060525,0.00020
20060526,0.00020
20060530,0.00020
20060531,0.00020
20060601,0.00018
20060602,0.00018
20060605,0.00018
20060606,0.00018
20060607,0.00018
20060608,0.00018
20060609,0.00018
20060612,0.00018
20060613,0.00018
20060614,0.00018
20060615,0.00018
20060616,0.00018
20060619,0.00018
20060620,0.00018
20060621,0.00018
20060622,0.00018
20060623,0.00018
20060626,0.00018
20060627,0.00018
20060628,0.00018
20060629,0.00018
20060630,0.00018
20060703,0.00020
20060705,0.00020
20060706,0.00020
20060707,0.00020
20060710,0.00020
20060711,0.00020
20060712,0.00020
20060713,0.00020
20060714,0.00020
20060717,0.00020
20060718,0.00020
20060719,0.00020
20060720,0.00020
20060721,0.00020
20060724,0.00020
20060725,0.00020
20060726,0.00020
20060727,0.00020
20060728,0.00020
20060731,0.00020
20060801,0.00018
20060802,0.00018
20060803,0.00018
20060804,0.00018
20060807,0.00018
20060808,0.00018
20060809,0.00018
20060810,0.00018
20060811,0.00018
20060814,0.00018
20060815,0.00018
20060816,0.00018
20060817,0.00018
20060818,0.00018
20060821,0.00018
20060822,0.00018
20060823,0.00018
20060824,0.00018
20060825,0.00018
20060828,0.00018
20060829,0.00018
20060830,0.00018
20060831,0.00018
20060901,0.00020
20060905,0.00020
20060906,0.00020
20060907,0.00020
20060908,0.00020
20060911,0.00020
20060912,0.00020
20060913,0.00020
20060914,0.00020
20060915,0.00020
20060918,0.00020
20060919,0.00020
20060920,0.00020
20060921,0.00020
20060922,0.00020
20060925,0.00020
20060926,0.00020
20060927,0.00020
20060928,0.00020
20060929,0.00020
20061002,0.00018
20061003,0.00018
20061004,0.00018
20061005,0.00018
20061006,0.00018
20061009,0.00018
20061010,0.00018
20061011,0.00018
20061012,0.00018
20061013,0.00018
20061016,0.00018
20061017,0.00018
20061018,0.00018
20061019,0.00018
20061020,0.00018
20061023,0.00018
20061024,0.00018
20061025,0.00018
20061026,0.00018
20061027,0.00018
20061030,0.00018
20061031,0.00018
20061101,0.00020
20061102,0.00020
20061103,0.00020
20061106,0.00020
20061107,0.00020
20061108,0.00020
20061109,0.00020
20061110,0.00020
20061113,0.00020
20061114,0.00020
20061115,0.00020
20061116,0.00020
20061117,0.00020
20061120,0.00020
20061121,0.00020
20061122,0.00020
20061124,0.00020
20061127,0.00020
20061128,0.00020
20061129,0.00020
20061130,0.00020
20061201,0.00020
20061204,0.00020
20061205,0.00020
20061206,0.00020
20061207,0.00020
20061208,0.00020
20061211,0.00020
20061212,0.00020
20061213,0.00020
20061214,0.00020
20061215,0.00020
20061218,0.00020
20061219,0.00020
20061220,0.00020
20061221,0.00020
20061222,0.00020
20061226,0.00020
20061227,0.00020
20061228,0.00020
20061229,0.00020
20070103,0.00022
20070104,0.00022
20070105,0.00022
20070108,0.00022
20070109,0.00022
20070110,0.00022
20070111,0.00022
20070112,0.00022
20070116,0.00022
20070117,0.00022
20070118,0.00022
20070119,0.00022
20070122,0.00022
20070123,0.00022
20070124,0.00022
20070125,0.00022
20070126,0.00022
20070129,0.00022
20070130,0.00022
20070131,0.00022
20070201,0.00020
20070202,0.00020
20070205,0.00020
20070206,0.00020
20070207,0.00020
20070208,0.00020
20070209,0.00020
20070212,0.00020
20070213,0.00020
20070214,0.00020
20070215,0.00020
20070216,0.00020
20070220,0.00020
20070221,0.00020
20070222,0.00020
20070223,0.00020
20070226,0.00020
20070227,0.00020
20070228,0.00020
20070301,0.00019
20070302,0.00019
20070305,0.00019
20070306,0.00019
20070307,0.00019
20070308,0.00019
20070309,0.00019
20070312,0.00019
20070313,0.00019
20070314,0.00019
20070315,0.00019
20070316,0.00019
20070319,0.00019
20070320,0.00019
20070321,0.00019
20070322,0.00019
20070323,0.00019
20070326,0.00019
20070327,0.00019
20070328,0.00019
20070329,0.00019
20070330,0.00019
20070402,0.00022
20070403,0.00022
20070404,0.00022
20070405,0.00022
20070409,0.00022
20070410,0.00022
20070411,0.00022
20070412,0.00022
20070413,0.00022
20070416,0.00022
20070417,0.00022
20070418,0.00022
20070419,0.00022
20070420,0.00022
20070423,0.00022
20070424,0.00022
20070425,0.00022
20070426,0.00022
20070427,0.00022
20070430,0.00022
20070501,0.00018
20070502,0.00018
20070503,0.00018
20070504,0.00018
20070507,0.00018
20070508,0.00018
20070509,0.00018
20070510,0.00018
20070511,0.00018
20070514,0.00018
20070515,0.00018
20070516,0.00018
20070517,0.00018
20070518,0.00018
20070521,0.00018
20070522,0.00018
20070523,0.00018
20070524,0.00018
20070525,0.00018
20070529,0.00018
20070530,0.00018
20070531,0.00018
20070601,0.00019
20070604,0.00019
20070605,0.00019
20070606,0.00019
20070607,0.00019
20070608,0.00019
20070611,0.00019
20070612,0.00019
20070613,0.00019
20070614,0.00019
20070615,0.00019
20070618,0.00019
20070619,0.00019
20070620,0.00019
20070621,0.00019
20070622,0.00019
20070625,0.00019
20070626,0.00019
20070627,0.00019
20070628,0.00019
20070629,0.00019
20070702,0.00019
20070703,0.00019
20070705,0.00019
20070706,0.00019
20070709,0.00019
20070710,0.00019
20070711,0.00019
20070712,0.00019
20070713,0.00019
20070716,0.00019
20070717,0.00019
20070718,0.00019
20070719,0.00019
20070720,0.00019
20070723,0.00019
20070724,0.00019
20070725,0.00019
20070726,0.00019
20070727,0.00019
20070730,0.00019
20070731,0.00019
20070801,0.00018
20070802,0.00018
20070803,0.00018
20070806,0.00018
20070807,0.00018
20070808,0.00018
20070809,0.00018
20070810,0.00018
20070813,0.00018
20070814,0.00018
20070815,0.00018
20070816,0.00018
20070817,0.00018
20070820,0.00018
20070821,0.00018
20070822,0.00018
20070823,0.00018
20070824,0.00018
20070827,0.00018
20070828,0.00018
20070829,0.00018
20070830,0.00018
20070831,0.00018
20070904,0.00017
20070905,0.00017
20070906,0.00017
20070907,0.00017
20070910,0.00017
20070911,0.00017
20070912,0.00017
20070913,0.00017
20070914,0.00017
20070917,0.00017
20070918,0.00017
20070919,0.00017
20070920,0.00017
20070921,0.00017
20070924,0.00017
20070925,0.00017
20070926,0.00017
20070927,0.00017
20070928,0.00017
20071001,0.00014
20071002,0.00014
20071003,0.00014
20071004,0.00014
20071005,0.00014
20071008,0.00014
20071009,0.00014
20071010,0.00014
20071011,0.00014
20071012,0.00014
20071015,0.00014
20071016,0.00014
20071017,0.00014
20071018,0.00014
20071019,0.00014
20071022,0.00014
20071023,0.00014
20071024,0.00014
20071025,0.00014
20071026,0.00014
20071029,0.00014
20071030,0.00014
20071031,0.00014
20071101,0.00016
20071102,0.00016
20071105,0.00016
20071106,0.00016
20071107,0.00016
20071108,0.00016
20071109,0.00016
20071112,0.00016
20071113,0.00016
20071114,0.00016
20071115,0.00016
20071116,0.00016
20071119,0.00016
20071120,0.00016
20071121,0.00016
20071123,0.00016
20071126,0.00016
20071127,0.00016
20071128,0.00016
20071129,0.00016
20071130,0.00016
20071203,0.00014
20071204,0.00014
20071205,0.00014
20071206,0.00014
20071207,0.00014
20071210,0.00014
20071211,0.00014
20071212,0.00014
20071213,0.00014
20071214,0.00014
20071217,0.00014
20071218,0.00014
20071219,0.00014
20071220,0.00014
20071221,0.00014
20071224,0.00014
20071226,0.00014
20071227,0.00014
20071228,0.00014
20071231,0.00014
20080102,0.00010
20080103,0.00010
20080104,0.00010
20080107,0.00010
20080108,0.00010
20080109,0.00010
20080110,0.00010
20080111,0.00010
20080114,0.00010
20080115,0.00010
20080116,0.00010
20080117,0.00010
20080118,0.00010
20080122,0.00010
20080123,0.00010
20080124,0.00010
20080125,0.00010
20080128,0.00010
20080129,0.00010
20080130,0.00010
20080131,0.00010
20080201,0.00007
20080204,0.00007
20080205,0.00007
20080206,0.00007
20080207,0.00007
20080208,0.00007
20080211,0.00007
20080212,0.00007
20080213,0.00007
20080214,0.00007
20080215,0.00007
20080219,0.00007
20080220,0.00007
20080221,0.00007
20080222,0.00007
20080225,0.00007
20080226,0.00007
20080227,0.00007
20080228,0.00007
20080229,0.00007
20080303,0.00009
20080304,0.00009
20080305,0.00009
20080306,0.00009
20080307,0.00009
20080310,0.00009
20080311,0.00009
20080312,0.00009
20080313,0.00009
20080314,0.00009
20080317,0.00009
20080318,0.00009
20080319,0.00009
20080320,0.00009
20080324,0.00009
20080325,0.00009
20080326,0.00009
20080327,0.00009
20080328,0.00009
20080331,0.00009
20080401,0.00008
20080402,0.00008
20080403,0.00008
20080404,0.00008
20080407,0.00008
20080408,0.00008
20080409,0.00008
20080410,0.00008
20080411,0.00008
20080414,0.00008
20080415,0.00008
20080416,0.00008
20080417,0.00008
20080418,0.00008
20080421,0.00008
20080422,0.00008
20080423,0.00008
20080424,0.00008
20080425,0.00008
20080428,0.00008
20080429,0.00008
20080430,0.00008
20080501,0.00008
20080502,0.00008
20080505,0.00008
20080506,0.00008
20080507,0.00008
20080508,0.00008
20080509,0.00008
20080512,0.00008
20080513,0.00008
20080514,0.00008
20080515,0.00008
20080516,0.00008
20080519,0.00008
20080520,0.00008
20080521,0.00008
20080522,0.00008
20080523,0.00008
20080527,0.00008
20080528,0.00008
20080529,0.00008
20080530,0.00008
20080602,0.00008
20080603,0.00008
20080604,0.00008
20080605,0.00008
20080606,0.00008
20080609,0.00008
20080610,0.00008
20080611,0.00008
20080612,0.00008
20080613,0.00008
20080616,0.00008
20080617,0.00008
20080618,0.00008
20080619,0.00008
20080620,0.00008
20080623,0.00008
20080624,0.00008
20080625,0.00008
20080626,0.00008
20080627,0.00008
20080630,0.00008
20080701,0.00007
20080702,0.00007
20080703,0.00007
20080707,0.00007
20080708,0.00007
20080709,0.00007
20080710,0.00007
20080711,0.00007
20080714,0.00007
20080715,0.00007
20080716,0.00007
20080717,0.00007
20080718,0.00007
20080721,0.00007
20080722,0.00007
20080723,0.00007
20080724,0.00007
20080725,0.00007
20080728,0.00007
20080729,0.00007
20080730,0.00007
20080731,0.00007
20080801,0.00006
20080804,0.00006
20080805,0.00006
20080806,0.00006
20080807,0.00006
20080808,0.00006
20080811,0.00006
20080812,0.00006
20080813,0.00006
20080814,0.00006
20080815,0.00006
20080818,0.00006
20080819,0.00006
20080820,0.00006
20080821,0.00006
20080822,0.00006
20080825,0.00006
20080826,0.00006
20080827,0.00006
20080828,0.00006
20080829,0.00006
20080902,0.00007
20080903,0.00007
20080904,0.00007
20080905,0.00007
20080908,0.00007
20080909,0.00007
20080910,0.00007
20080911,0.00007
20080912,0.00007
20080915,0.00007
20080916,0.00007
20080917,0.00007
20080918,0.00007
20080919,0.00007
20080922,0.00007
20080923,0.00007
20080924,0.00007
20080925,0.00007
20080926,0.00007
20080929,0.00007
20080930,0.00007
20081001,0.00004
20081002,0.00004
20081003,0.00004
20081006,0.00004
20081007,0.00004
20081008,0.00004
20081009,0.00004
20081010,0.00004
20081013,0.00004
20081014,0.00004
20081015,0.00004
20081016,0.00004
20081017,0.00004
20081020,0.00004
20081021,0.00004
20081022,0.00004
20081023,0.00004
20081024,0.00004
20081027,0.00004
20081028,0.00004
20081029,0.00004
20081030,0.00004
20081031,0.00004
20081103,0.00001
20081104,0.00001
20081105,0.00001
20081106,0.00001
20081107,0.00001
20081110,0.00001
20081111,0.00001
20081112,0.00001
20081113,0.00001
20081114,0.00001
20081117,0.00001
20081118,0.00001
20081119,0.00001
20081120,0.00001
20081121,0.00001
20081124,0.00001
20081125,0.00001
20081126,0.00001
20081128,0.00001
20081201,0.00000
20081202,0.00000
20081203,0.00000
20081204,0.00000
20081205,0.00000
20081208,0.00000
20081209,0.00000
20081210,0.00000
20081211,0.00000
20081212,0.00000
20081215,0.00000
20081216,0.00000
20081217,0.00000
20081218,0.00000
20081219,0.00000
20081222,0.00000
20081223,0.00000
20081224,0.00000
20081226,0.00000
20081229,0.00000
20081230,0.00000
20081231,0.00000
20090102,0.00000
20090105,0.00000
20090106,0.00000
20090107,0.00000
20090108,0.00000
20090109,0.00000
20090112,0.00000
20090113,0.00000
20090114,0.00000
20090115,0.00000
20090116,0.00000
20090120,0.00000
20090121,0.00000
20090122,0.00000
20090123,0.00000
20090126,0.00000
20090127,0.00000
20090128,0.00000
20090129,0.00000
20090130,0.00000
20090202,0.00001
20090203,0.00001
20090204,0.00001
20090205,0.00001
20090206,0.00001
20090209,0.00001
20090210,0.00001
20090211,0.00001
20090212,0.00001
20090213,0.00001
20090217,0.00001
20090218,0.00001
20090219,0.00001
20090220,0.00001
20090223,0.00001
20090224,0.00001
20090225,0.00001
20090226,0.00001
20090227,0.00001
20090302,0.00001
20090303,0.00001
20090304,0.00001
20090305,0.00001
20090306,0.00001
20090309,0.00001
20090310,0.00001
20090311,0.00001
20090312,0.00001
20090313,0.00001
20090316,0.00001
20090317,0.00001
20090318,0.00001
20090319,0.00001
20090320,0.00001
20090323,0.00001
20090324,0.00001
20090325,0.00001
20090326,0.00001
20090327,0.00001
20090330,0.00001
20090331,0.00001
20090401,0.00001
20090402,0.00001
20090403,0.00001
20090406,0.00001
20090407,0.00001
20090408,0.00001
20090409,0.00001
20090413,0.00001
20090414,0.00001
20090415,0.00001
20090416,0.00001
20090417,0.00001
20090420,0.00001
20090421,0.00001
20090422,0.00001
20090423,0.00001
20090424,0.00001
20090427,0.00001
20090428,0.00001
20090429,0.00001
20090430,0.00001
20090501,0.00000
20090504,0.00000
20090505,0.00000
20090506,0.00000
20090507,0.00000
20090508,0.00000
20090511,0.00000
20090512,0.00000
20090513,0.00000
20090514,0.00000
20090515,0.00000
20090518,0.00000
20090519,0.00000
20090520,0.00000
20090521,0.00000
20090522,0.00000
20090526,0.00000
20090527,0.00000
20090528,0.00000
20090529,0.00000
20090601,0.00000
20090602,0.00000
20090603,0.00000
20090604,0.00000
20090605,0.00000
20090608,0.00000
20090609,0.00000
20090610,0.00000
20090611,0.00000
20090612,0.00000
20090615,0.00000
20090616,0.00000
20090617,0.00000
20090618,0.00000
20090619,0.00000
20090622,0.00000
20090623,0.00000
20090624,0.00000
20090625,0.00000
20090626,0.00000
20090629,0.00000
20090630,0.00000
20090701,0.00001
20090702,0.00001
20090706,0.00001
20090707,0.00001
20090708,0.00001
20090709,0.00001
20090710,0.00001
20090713,0.00001
20090714,0.00001
20090715,0.00001
20090716,0.00001
20090717,0.00001
20090720,0.00001
20090721,0.00001
20090722,0.00001
20090723,0.00001
20090724,0.00001
20090727,0.00001
20090728,0.00001
20090729,0.00001
20090730,0.00001
20090731,0.00001
20090803,0.00001
20090804,0.00001
20090805,0.00001
20090806,0.00001
20090807,0.00001
20090810,0.00001
20090811,0.00001
20090812,0.00001
20090813,0.00001
20090814,0.00001
20090817,0.00001
20090818,0.00001
20090819,0.00001
20090820,0.00001
20090821,0.00001
20090824,0.00001
20090825,0.00001
20090826,0.00001
20090827,0.00001
20090828,0.00001
20090831,0.00001
20090901,0.00000
20090902,0.00000
20090903,0.00000
20090904,0.00000
20090908,0.00000
20090909,0.00000
20090910,0.00000
20090911,0.00000
20090914,0.00000
20090915,0.00000
20090916,0.00000
20090917,0.00000
20090918,0.00000
20090921,0.00000
20090922,0.00000
20090923,0.00000
20090924,0.00000
20090925,0.00000
20090928,0.00000
20090929,0.00000
20090930,0.00000
20091001,0.00000
20091002,0.00000
20091005,0.00000
20091006,0.00000
20091007,0.00000
20091008,0.00000
20091009,0.00000
20091012,0.00000
20091013,0.00000
20091014,0.00000
20091015,0.00000
20091016,0.00000
20091019,0.00000
20091020,0.00000
20091021,0.00000
20091022,0.00000
20091023,0.00000
20091026,0.00000
20091027,0.00000
20091028,0.00000
20091029,0.00000
20091030,0.00000
20091102,0.00000
20091103,0.00000
20091104,0.00000
20091105,0.00000
20091106,0.00000
20091109,0.00000
20091110,0.00000
20091111,0.00000
20091112,0.00000
20091113,0.00000
20091116,0.00000
20091117,0.00000
20091118,0.00000
20091119,0.00000
20091120,0.00000
20091123,0.00000
20091124,0.00000
20091125,0.00000
20091127,0.00000
20091130,0.00000
20091201,0.00000
20091202,0.00000
20091203,0.00000
20091204,0.00000
20091207,0.00000
20091208,0.00000
20091209,0.00000
20091210,0.00000
20091211,0.00000
20091214,0.00000
20091215,0.00000
20091216,0.00000
20091217,0.00000
20091218,0.00000
20091221,0.00000
20091222,0.00000
20091223,0.00000
20091224,0.00000
20091228,0.00000
20091229,0.00000
20091230,0.00000
20091231,0.00000
20100104,0.00000
20100105,0.00000
20100106,0.00000
20100107,0.00000
20100108,0.00000
20100111,0.00000
20100112,0.00000
20100113,0.00000
20100114,0.00000
20100115,0.00000
20100119,0.00000
20100120,0.00000
20100121,0.00000
20100122,0.00000
20100125,0.00000
20100126,0.00000
20100127,0.00000
20100128,0.00000
20100129,0.00000
20100201,0.00000
20100202,0.00000
20100203,0.00000
20100204,0.00000
20100205,0.00000
20100208,0.00000
20100209,0.00000
20100210,0.00000
20100211,0.00000
20100212,0.00000
20100216,0.00000
20100217,0.00000
20100218,0.00000
20100219,0.00000
20100222,0.00000
20100223,0.00000
20100224,0.00000
20100225,0.00000
20100226,0.00000
20100301,0.00000
20100302,0.00000
20100303,0.00000
20100304,0.00000
20100305,0.00000
20100308,0.00000
20100309,0.00000
20100310,0.00000
20100311,0.00000
20100312,0.00000
20100315,0.00000
20100316,0.00000
20100317,0.00000
20100318,0.00000
20100319,0.00000
20100322,0.00000
20100323,0.00000
20100324,0.00000
20100325,0.00000
20100326,0.00000
20100329,0.00000
20100330,0.00000
20100331,0.00000
20100401,0.00001
20100405,0.00001
20100406,0.00001
20100407,0.00001
20100408,0.00001
20100409,0.00001
20100412,0.00001
20100413,0.00001
20100414,0.00001
20100415,0.00001
20100416,0.00001
20100419,0.00001
20100420,0.00001
20100421,0.00001
20100422,0.00001
20100423,0.00001
20100426,0.00001
20100427,0.00001
20100428,0.00001
20100429,0.00001
20100430,0.00001
20100503,0.00001
20100504,0.00001
20100505,0.00001
20100506,0.00001
20100507,0.00001
20100510,0.00001
20100511,0.00001
20100512,0.00001
20100513,0.00001
20100514,0.00001
20100517,0.00001
20100518,0.00001
20100519,0.00001
20100520,0.00001
20100521,0.00001
20100524,0.00001
20100525,0.00001
20100526,0.00001
20100527,0.00001
20100528,0.00001
20100601,0.00001
20100602,0.00001
20100603,0.00001
20100604,0.00001
20100607,0.00001
20100608,0.00001
20100609,0.00001
20100610,0.00001
20100611,0.00001
20100614,0.00001
20100615,0.00001
20100616,0.00001
20100617,0.00001
20100618,0.00001
20100621,0.00001
20100622,0.00001
20100623,0.00001
20100624,0.00001
20100625,0.00001
20100628,0.00001
20100629,0.00001
20100630,0.00001
20100701,0.00001
20100702,0.00001
20100706,0.00001
20100707,0.00001
20100708,0.00001
20100709,0.00001
20100712,0.00001
20100713,0.00001
20100714,0.00001
20100715,0.00001
20100716,0.00001
20100719,0.00001
20100720,0.00001
20100721,0.00001
20100722,0.00001
20100723,0.00001
20100726,0.00001
20100727,0.00001
20100728,0.00001
20100729,0.00001
20100730,0.00001
20100802,0.00001
20100803,0.00001
20100804,0.00001
20100805,0.00001
20100806,0.00001
20100809,0.00001
20100810,0.00001
20100811,0.00001
20100812,0.00001
20100813,0.00001
20100816,0.00001
20100817,0.00001
20100818,0.00001
20100819,0.00001
20100820,0.00001
20100823,0.00001
20100824,0.00001
20100825,0.00001
20100826,0.00001
20100827,0.00001
20100830,0.00001
20100831,0.00001
20100901,0.00001
20100902,0.00001
20100903,0.00001
20100907,0.00001
20100908,0.00001
20100909,0.00001
20100910,0.00001
20100913,0.00001
20100914,0.00001
20100915,0.00001
20100916,0.00001
20100917,0.00001
20100920,0.00001
20100921,0.00001
20100922,0.00001
20100923,0.00001
20100924,0.00001
20100927,0.00001
20100928,0.00001
20100929,0.00001
20100930,0.00001
20101001,0.00001
20101004,0.00001
20101005,0.00001
20101006,0.00001
20101007,0.00001
20101008,0.00001
20101011,0.00001
20101012,0.00001
20101013,0.00001
20101014,0.00001
20101015,0.00001
20101018,0.00001
20101019,0.00001
20101020,0.00001
20101021,0.00001
20101022,0.00001
20101025,0.00001
20101026,0.00001
20101027,0.00001
20101028,0.00001
20101029,0.00001
20101101,0.00001
20101102,0.00001
20101103,0.00001
20101104,0.00001
20101105,0.00001
20101108,0.00001
20101109,0.00001
20101110,0.00001
20101111,0.00001
20101112,0.00001
20101115,0.00001
20101116,0.00001
20101117,0.00001
20101118,0.00001
20101119,0.00001
20101122,0.00001
20101123,0.00001
20101124,0.00001
20101126,0.00001
20101129,0.00001
20101130,0.00001
20101201,0.00001
20101202,0.00001
20101203,0.00001
20101206,0.00001
20101207,0.00001
20101208,0.00001
20101209,0.00001
20101210,0.00001
20101213,0.00001
20101214,0.00001
20101215,0.00001
20101216,0.00001
20101217,0.00001
20101220,0.00001
20101221,0.00001
20101222,0.00001
20101223,0.00001
20101227,0.00001
20101228,0.00001
20101229,0.00001
20101230,0.00001
20101231,0.00001
20110103,0.00000
20110104,0.00000
20110105,0.00000
20110106,0.00000
20110107,0.00000
20110110,0.00000
20110111,0.00000
20110112,0.00000
20110113,0.00000
20110114,0.00000
20110118,0.00000
20110119,0.00000
20110120,0.00000
20110121,0.00000
20110124,0.00000
20110125,0.00000
20110126,0.00000
20110127,0.00000
20110128,0.00000
20110131,0.00000
20110201,0.00001
20110202,0.00001
20110203,0.00001
20110204,0.00001
20110207,0.00001
20110208,0.00001
20110209,0.00001
20110210,0.00001
20110211,0.00001
20110214,0.00001
20110215,0.00001
20110216,0.00001
20110217,0.00001
20110218,0.00001
20110222,0.00001
20110223,0.00001
20110224,0.00001
20110225,0.00001
20110228,0.00001
20110301,0.00000
20110302,0.00000
20110303,0.00000
20110304,0.00000
20110307,0.00000
20110308,0.00000
20110309,0.00000
20110310,0.00000
20110311,0.00000
20110314,0.00000
20110315,0.00000
20110316,0.00000
20110317,0.00000
20110318,0.00000
20110321,0.00000
20110322,0.00000
20110323,0.00000
20110324,0.00000
20110325,0.00000
20110328,0.00000
20110329,0.00000
20110330,0.00000
20110331,0.00000
20110401,0.00000
20110404,0.00000
20110405,0.00000
20110406,0.00000
20110407,0.00000
20110408,0.00000
20110411,0.00000
20110412,0.00000
20110413,0.00000
20110414,0.00000
20110415,0.00000
20110418,0.00000
20110419,0.00000
20110420,0.00000
20110421,0.00000
20110425,0.00000
20110426,0.00000
20110427,0.00000
20110428,0.00000
20110429,0.00000
20110502,0.00000
20110503,0.00000
20110504,0.00000
20110505,0.00000
20110506,0.00000
20110509,0.00000
20110510,0.00000
20110511,0.00000
20110512,0.00000
20110513,0.00000
20110516,0.00000
20110517,0.00000
20110518,0.00000
20110519,0.00000
20110520,0.00000
20110523,0.00000
20110524,0.00000
20110525,0.00000
20110526,0.00000
20110527,0.00000
20110531,0.00000
20110601,0.00000
20110602,0.00000
20110603,0.00000
20110606,0.00000
20110607,0.00000
20110608,0.00000
20110609,0.00000
20110610,0.00000
20110613,0.00000
20110614,0.00000
20110615,0.00000
20110616,0.00000
20110617,0.00000
20110620,0.00000
20110621,0.00000
20110622,0.00000
20110623,0.00000
20110624,0.00000
20110627,0.00000
20110628,0.00000
20110629,0.00000
20110630,0.00000
20110701,0.00000
20110705,0.00000
20110706,0.00000
20110707,0.00000
20110708,0.00000
20110711,0.00000
20110712,0.00000
20110713,0.00000
20110714,0.00000
20110715,0.00000
20110718,0.00000
20110719,0.00000
20110720,0.00000
20110721,0.00000
20110722,0.00000
20110725,0.00000
20110726,0.00000
20110727,0.00000
20110728,0.00000
20110729,0.00000
20110801,0.00000
20110802,0.00000
20110803,0.00000
20110804,0.00000
20110805,0.00000
20110808,0.00000
20110809,0.00000
20110810,0.00000
20110811,0.00000
20110812,0.00000
20110815,0.00000
20110816,0.00000
20110817,0.00000
20110818,0.00000
20110819,0.00000
20110822,0.00000
20110823,0.00000
20110824,0.00000
20110825,0.00000
20110826,0.00000
20110829,0.00000
20110830,0.00000
20110831,0.00000
20110901,0.00000
20110902,0.00000
20110906,0.00000
20110907,0.00000
20110908,0.00000
20110909,0.00000
20110912,0.00000
20110913,0.00000
20110914,0.00000
20110915,0.00000
20110916,0.00000
20110919,0.00000
20110920,0.00000
20110921,0.00000
20110922,0.00000
20110923,0.00000
20110926,0.00000
20110927,0.00000
20110928,0.00000
20110929,0.00000
20110930,0.00000
20111003,0.00000
20111004,0.00000
20111005,0.00000
20111006,0.00000
20111007,0.00000
20111010,0.00000
20111011,0.00000
20111012,0.00000
20111013,0.00000
20111014,0.00000
20111017,0.00000
20111018,0.00000
20111019,0.00000
20111020,0.00000
20111021,0.00000
20111024,0.00000
20111025,0.00000
20111026,0.00000
20111027,0.00000
20111028,0.00000
20111031,0.00000
20111101,0.00000
20111102,0.00000
20111103,0.00000
20111104,0.00000
20111107,0.00000
20111108,0.00000
20111109,0.00000
20111110,0.00000
20111111,0.00000
20111114,0.00000
20111115,0.00000
20111116,0.00000
20111117,0.00000
20111118,0.00000
20111121,0.00000
20111122,0.00000
20111123,0.00000
20111125,0.00000
20111128,0.00000
20111129,0.00000
20111130,0.00000
20111201,0.00000
20111202,0.00000
20111205,0.00000
20111206,0.00000
20111207,0.00000
20111208,0.00000
20111209,0.00000
20111212,0.00000
20111213,0.00000
20111214,0.00000
20111215,0.00000
20111216,0.00000
20111219,0.00000
20111220,0.00000
20111221,0.00000
20111222,0.00000
20111223,0.00000
20111227,0.00000
20111228,0.00000
20111229,0.00000
20111230,0.00000
20120103,0.00000
20120104,0.00000
20120105,0.00000
20120106,0.00000
20120109,0.00000
20120110,0.00000
20120111,0.00000
20120112,0.00000
20120113,0.00000
20120117,0.00000
20120118,0.00000
20120119,0.00000
20120120,0.00000
20120123,0.00000
20120124,0.00000
20120125,0.00000
20120126,0.00000
20120127,0.00000
20120130,0.00000
20120131,0.00000
20120201,0.00000
20120202,0.00000
20120203,0.00000
20120206,0.00000
20120207,0.00000
20120208,0.00000
20120209,0.00000
20120210,0.00000
20120213,0.00000
20120214,0.00000
20120215,0.00000
20120216,0.00000
20120217,0.00000
20120221,0.00000
20120222,0.00000
20120223,0.00000
20120224,0.00000
20120227,0.00000
20120228,0.00000
20120229,0.00000
20120301,0.00000
20120302,0.00000
20120305,0.00000
20120306,0.00000
20120307,0.00000
20120308,0.00000
20120309,0.00000
20120312,0.00000
20120313,0.00000
20120314,0.00000
20120315,0.00000
20120316,0.00000
20120319,0.00000
20120320,0.00000
20120321,0.00000
20120322,0.00000
20120323,0.00000
20120326,0.00000
20120327,0.00000
20120328,0.00000
20120329,0.00000
20120330,0.00000
20120402,0.00000
20120403,0.00000
20120404,0.00000
20120405,0.00000
20120409,0.00000
20120410,0.00000
20120411,0.00000
20120412,0.00000
20120413,0.00000
20120416,0.00000
20120417,0.00000
20120418,0.00000
20120419,0.00000
20120420,0.00000
20120423,0.00000
20120424,0.00000
20120425,0.00000
20120426,0.00000
20120427,0.00000
20120430,0.00000
20120501,0.00000
20120502,0.00000
20120503,0.00000
20120504,0.00000
20120507,0.00000
20120508,0.00000
20120509,0.00000
20120510,0.00000
20120511,0.00000
20120514,0.00000
20120515,0.00000
20120516,0.00000
20120517,0.00000
20120518,0.00000
20120521,0.00000
20120522,0.00000
20120523,0.00000
20120524,0.00000
20120525,0.00000
20120529,0.00000
20120530,0.00000
20120531,0.00000
20120601,0.00000
20120604,0.00000
20120605,0.00000
20120606,0.00000
20120607,0.00000
20120608,0.00000
20120611,0.00000
20120612,0.00000
20120613,0.00000
20120614,0.00000
20120615,0.00000
20120618,0.00000
20120619,0.00000
20120620,0.00000
20120621,0.00000
20120622,0.00000
20120625,0.00000
20120626,0.00000
20120627,0.00000
20120628,0.00000
20120629,0.00000
20120702,0.00000
20120703,0.00000
20120705,0.00000
20120706,0.00000
20120709,0.00000
20120710,0.00000
20120711,0.00000
20120712,0.00000
20120713,0.00000
20120716,0.00000
20120717,0.00000
20120718,0.00000
20120719,0.00000
20120720,0.00000
20120723,0.00000
20120724,0.00000
20120725,0.00000
20120726,0.00000
20120727,0.00000
20120730,0.00000
20120731,0.00000
20120801,0.00000
20120802,0.00000
20120803,0.00000
20120806,0.00000
20120807,0.00000
20120808,0.00000
20120809,0.00000
20120810,0.00000
20120813,0.00000
20120814,0.00000
20120815,0.00000
20120816,0.00000
20120817,0.00000
20120820,0.00000
20120821,0.00000
20120822,0.00000
20120823,0.00000
20120824,0.00000
20120827,0.00000
20120828,0.00000
20120829,0.00000
20120830,0.00000
20120831,0.00000
20120904,0.00000
20120905,0.00000
20120906,0.00000
20120907,0.00000
20120910,0.00000
20120911,0.00000
20120912,0.00000
20120913,0.00000
20120914,0.00000
20120917,0.00000
20120918,0.00000
20120919,0.00000
20120920,0.00000
20120921,0.00000
20120924,0.00000
20120925,0.00000
20120926,0.00000
20120927,0.00000
20120928,0.00000
20121001,0.00000
20121002,0.00000
20121003,0.00000
20121004,0.00000
20121005,0.00000
20121008,0.00000
20121009,0.00000
20121010,0.00000
20121011,0.00000
20121012,0.00000
20121015,0.00000
20121016,0.00000
20121017,0.00000
20121018,0.00000
20121019,0.00000
20121022,0.00000
20121023,0.00000
20121024,0.00000
20121025,0.00000
20121026,0.00000
20121031,0.00000
20121101,0.00000
20121102,0.00000
20121105,0.00000
20121106,0.00000
20121107,0.00000
20121108,0.00000
20121109,0.00000
20121112,0.00000
20121113,0.00000
20121114,0.00000
20121115,0.00000
20121116,0.00000
20121119,0.00000
20121120,0.00000
20121121,0.00000
20121123,0.00000
20121126,0.00000
20121127,0.00000
20121128,0.00000
20121129,0.00000
20121130,0.00000
20121203,0.00001
20121204,0.00001
20121205,0.00001
20121206,0.00001
20121207,0.00001
20121210,0.00001
20121211,0.00001
20121212,0.00001
20121213,0.00001
20121214,0.00001
20121217,0.00001
20121218,0.00001
20121219,0.00001
20121220,0.00001
20121221,0.00001
20121224,0.00001
20121226,0.00001
20121227,0.00001
20121228,0.00001
20121231,0.00001
20130102,0.00000
20130103,0.00000
20130104,0.00000
20130107,0.00000
20130108,0.00000
20130109,0.00000
20130110,0.00000
20130111,0.00000
20130114,0.00000
20130115,0.00000
20130116,0.00000
20130117,0.00000
20130118,0.00000
20130122,0.00000
20130123,0.00000
20130124,0.00000
20130125,0.00000
20130128,0.00000
20130129,0.00000
20130130,0.00000
20130131,0.00000
20130201,0.00000
20130204,0.00000
20130205,0.00000
20130206,0.00000
20130207,0.00000
20130208,0.00000
20130211,0.00000
20130212,0.00000
20130213,0.00000
20130214,0.00000
20130215,0.00000
20130219,0.00000
20130220,0.00000
20130221,0.00000
20130222,0.00000
20130225,0.00000
20130226,0.00000
20130227,0.00000
20130228,0.00000
20130301,0.00000
20130304,0.00000
20130305,0.00000
20130306,0.00000
20130307,0.00000
20130308,0.00000
20130311,0.00000
20130312,0.00000
20130313,0.00000
20130314,0.00000
20130315,0.00000
20130318,0.00000
20130319,0.00000
20130320,0.00000
20130321,0.00000
20130322,0.00000
20130325,0.00000
20130326,0.00000
20130327,0.00000
20130328,0.00000
20130401,0.00000
20130402,0.00000
20130403,0.00000
20130404,0.00000
20130405,0.00000
20130408,0.00000
20130409,0.00000
20130410,0.00000
20130411,0.00000
20130412,0.00000
20130415,0.00000
20130416,0.00000
20130417,0.00000
20130418,0.00000
20130419,0.00000
20130422,0.00000
20130423,0.00000
20130424,0.00000
20130425,0.00000
20130426,0.00000
20130429,0.00000
20130430,0.00000
20130501,0.00000
20130502,0.00000
20130503,0.00000
20130506,0.00000
20130507,0.00000
20130508,0.00000
20130509,0.00000
20130510,0.00000
20130513,0.00000
20130514,0.00000
20130515,0.00000
20130516,0.00000
20130517,0.00000
20130520,0.00000
20130521,0.00000
20130522,0.00000
20130523,0.00000
20130524,0.00000
20130528,0.00000
20130529,0.00000
20130530,0.00000
20130531,0.00000
20130603,0.00000
20130604,0.00000
20130605,0.00000
20130606,0.00000
20130607,0.00000
20130610,0.00000
20130611,0.00000
20130612,0.00000
20130613,0.00000
20130614,0.00000
20130617,0.00000
20130618,0.00000
20130619,0.00000
20130620,0.00000
20130621,0.00000
20130624,0.00000
20130625,0.00000
20130626,0.00000
20130627,0.00000
20130628,0.00000
20130701,0.00000
20130702,0.00000
20130703,0.00000
20130705,0.00000
20130708,0.00000
20130709,0.00000
20130710,0.00000
20130711,0.00000
20130712,0.00000
20130715,0.00000
20130716,0.00000
20130717,0.00000
20130718,0.00000
20130719,0.00000
20130722,0.00000
20130723,0.00000
20130724,0.00000
20130725,0.00000
20130726,0.00000
20130729,0.00000
20130730,0.00000
20130731,0.00000
20130801,0.00000
20130802,0.00000
20130805,0.00000
20130806,0.00000
20130807,0.00000
20130808,0.00000
20130809,0.00000
20130812,0.00000
20130813,0.00000
20130814,0.00000
20130815,0.00000
20130816,0.00000
20130819,0.00000
20130820,0.00000
20130821,0.00000
20130822,0.00000
20130823,0.00000
20130826,0.00000
20130827,0.00000
20130828,0.00000
20130829,0.00000
20130830,0.00000
20130903,0.00000
20130904,0.00000
20130905,0.00000
20130906,0.00000
20130909,0.00000
20130910,0.00000
20130911,0.00000
20130912,0.00000
20130913,0.00000
20130916,0.00000
20130917,0.00000
20130918,0.00000
20130919,0.00000
20130920,0.00000
20130923,0.00000
20130924,0.00000
20130925,0.00000
20130926,0.00000
20130927,0.00000
20130930,0.00000
20131001,0.00000
20131002,0.00000
20131003,0.00000
20131004,0.00000
20131007,0.00000
20131008,0.00000
20131009,0.00000
20131010,0.00000
20131011,0.00000
20131014,0.00000
20131015,0.00000
20131016,0.00000
20131017,0.00000
20131018,0.00000
20131021,0.00000
20131022,0.00000
20131023,0.00000
20131024,0.00000
20131025,0.00000
20131028,0.00000
20131029,0.00000
20131030,0.00000
20131031,0.00000
20131101,0.00000
20131104,0.00000
20131105,0.00000
20131106,0.00000
20131107,0.00000
20131108,0.00000
20131111,0.00000
20131112,0.00000
20131113,0.00000
20131114,0.00000
20131115,0.00000
20131118,0.00000
20131119,0.00000
20131120,0.00000
20131121,0.00000
20131122,0.00000
20131125,0.00000
20131126,0.00000
20131127,0.00000
20131129,0.00000
20131202,0.00000
20131203,0.00000
20131204,0.00000
20131205,0.00000
20131206,0.00000
20131209,0.00000
20131210,0.00000
20131211,0.00000
20131212,0.00000
20131213,0.00000
20131216,0.00000
20131217,0.00000
20131218,0.00000
20131219,0.00000
20131220,0.00000
20131223,0.00000
20131224,0.00000
20131226,0.00000
20131227,0.00000
20131230,0.00000
20131231,0.00000
20140102,0.00000
20140103,0.00000
20140106,0.00000
20140107,0.00000
20140108,0.00000
20140109,0.00000
20140110,0.00000
20140113,0.00000
20140114,0.00000
20140115,0.00000
20140116,0.00000
20140117,0.00000
20140121,0.00000
20140122,0.00000
20140123,0.00000
20140124,0.00000
20140127,0.00000
20140128,0.00000
20140129,0.00000
20140130,0.00000
20140131,0.00000
20140203,0.00000
20140204,0.00000
20140205,0.00000
20140206,0.00000
20140207,0.00000
20140210,0.00000
20140211,0.00000
20140212,0.00000
20140213,0.00000
20140214,0.00000
20140218,0.00000
20140219,0.00000
20140220,0.00000
20140221,0.00000
20140224,0.00000
20140225,0.00000
20140226,0.00000
20140227,0.00000
20140228,0.00000
20140303,0.00000
20140304,0.00000
20140305,0.00000
20140306,0.00000
20140307,0.00000
20140310,0.00000
20140311,0.00000
20140312,0.00000
20140313,0.00000
20140314,0.00000
20140317,0.00000
20140318,0.00000
20140319,0.00000
20140320,0.00000
20140321,0.00000
20140324,0.00000
20140325,0.00000
20140326,0.00000
20140327,0.00000
20140328,0.00000
20140331,0.00000
20140401,0.00000
20140402,0.00000
20140403,0.00000
20140404,0.00000
20140407,0.00000
20140408,0.00000
20140409,0.00000
20140410,0.00000
20140411,0.00000
20140414,0.00000
20140415,0.00000
20140416,0.00000
20140417,0.00000
20140421,0.00000
20140422,0.00000
20140423,0.00000
20140424,0.00000
20140425,0.00000
20140428,0.00000
20140429,0.00000
20140430,0.00000
20140501,0.00000
20140502,0.00000
20140505,0.00000
20140506,0.00000
20140507,0.00000
20140508,0.00000
20140509,0.00000
20140512,0.00000
20140513,0.00000
20140514,0.00000
20140515,0.00000
20140516,0.00000
20140519,0.00000
20140520,0.00000
20140521,0.00000
20140522,0.00000
20140523,0.00000
20140527,0.00000
20140528,0.00000
20140529,0.00000
20140530,0.00000
20140602,0.00000
20140603,0.00000
20140604,0.00000
20140605,0.00000
20140606,0.00000
20140609,0.00000
20140610,0.00000
20140611,0.00000
20140612,0.00000
20140613,0.00000
20140616,0.00000
20140617,0.00000
20140618,0.00000
20140619,0.00000
20140620,0.00000
20140623,0.00000
20140624,0.00000
20140625,0.00000
20140626,0.00000
20140627,0.00000
20140630,0.00000
20140701,0.00000
20140702,0.00000
20140703,0.00000
20140707,0.00000
20140708,0.00000
20140709,0.00000
20140710,0.00000
20140711,0.00000
20140714,0.00000
20140715,0.00000
20140716,0.00000
20140717,0.00000
20140718,0.00000
20140721,0.00000
20140722,0.00000
20140723,0.00000
20140724,0.00000
20140725,0.00000
20140728,0.00000
20140729,0.00000
20140730,0.00000
20140731,0.00000
20140801,0.00000
20140804,0.00000
20140805,0.00000
20140806,0.00000
20140807,0.00000
20140808,0.00000
20140811,0.00000
20140812,0.00000
20140813,0.00000
20140814,0.00000
20140815,0.00000
20140818,0.00000
20140819,0.00000
20140820,0.00000
20140821,0.00000
20140822,0.00000
20140825,0.00000
20140826,0.00000
20140827,0.00000
20140828,0.00000
20140829,0.00000
20140902,0.00000
20140903,0.00000
20140904,0.00000
20140905,0.00000
20140908,0.00000
20140909,0.00000
20140910,0.00000
20140911,0.00000
20140912,0.00000
20140915,0.00000
20140916,0.00000
20140917,0.00000
20140918,0.00000
20140919,0.00000
20140922,0.00000
20140923,0.00000
20140924,0.00000
20140925,0.00000
20140926,0.00000
20140929,0.00000
20140930,0.00000
20141001,0.00000
20141002,0.00000
20141003,0.00000
20141006,0.00000
20141007,0.00000
20141008,0.00000
20141009,0.00000
20141010,0.00000
20141013,0.00000
20141014,0.00000
20141015,0.00000
20141016,0.00000
20141017,0.00000
20141020,0.00000
20141021,0.00000
20141022,0.00000
20141023,0.00000
20141024,0.00000
20141027,0.00000
20141028,0.00000
20141029,0.00000
20141030,0.00000
20141031,0.00000
20141103,0.00000
20141104,0.00000
20141105,0.00000
20141106,0.00000
20141107,0.00000
20141110,0.00000
20141111,0.00000
20141112,0.00000
20141113,0.00000
20141114,0.00000
20141117,0.00000
20141118,0.00000
20141119,0.00000
20141120,0.00000
20141121,0.00000
20141124,0.00000
20141125,0.00000
20141126,0.00000
20141128,0.00000
20141201,0.00000
20141202,0.00000
20141203,0.00000
20141204,0.00000
20141205,0.00000
20141208,0.00000
20141209,0.00000
20141210,0.00000
20141211,0.00000
20141212,0.00000
20141215,0.00000
20141216,0.00000
20141217,0.00000
20141218,0.00000
20141219,0.00000
20141222,0.00000
20141223,0.00000
20141224,0.00000
20141226,0.00000
20141229,0.00000
20141230,0.00000
20141231,0.00000
20150102,0.00000
20150105,0.00000
20150106,0.00000
20150107,0.00000
20150108,0.00000
20150109,0.00000
20150112,0.00000
20150113,0.00000
20150114,0.00000
20150115,0.00000
20150116,0.00000
20150120,0.00000
20150121,0.00000
20150122,0.00000
20150123,0.00000
20150126,0.00000
20150127,0.00000
20150128,0.00000
20150129,0.00000
20150130,0.00000
20150202,0.00000
20150203,0.00000
20150204,0.00000
20150205,0.00000
20150206,0.00000
20150209,0.00000
20150210,0.00000
20150211,0.00000
20150212,0.00000
20150213,0.00000
20150217,0.00000
20150218,0.00000
20150219,0.00000
20150220,0.00000
20150223,0.00000
20150224,0.00000
20150225,0.00000
20150226,0.00000
20150227,0.00000
20150302,0.00000
20150303,0.00000
20150304,0.00000
20150305,0.00000
20150306,0.00000
20150309,0.00000
20150310,0.00000
20150311,0.00000
20150312,0.00000
20150313,0.00000
20150316,0.00000
20150317,0.00000
20150318,0.00000
20150319,0.00000
20150320,0.00000
20150323,0.00000
20150324,0.00000
20150325,0.00000
20150326,0.00000
20150327,0.00000
20150330,0.00000
20150331,0.00000
20150401,0.00000
20150402,0.00000
20150406,0.00000
20150407,0.00000
20150408,0.00000
20150409,0.00000
20150410,0.00000
20150413,0.00000
20150414,0.00000
20150415,0.00000
20150416,0.00000
20150417,0.00000
20150420,0.00000
20150421,0.00000
20150422,0.00000
20150423,0.00000
20150424,0.00000
20150427,0.00000
20150428,0.00000
20150429,0.00000
20150430,0.00000
20150501,0.00000
20150504,0.00000
20150505,0.00000
20150506,0.00000
20150507,0.00000
20150508,0.00000
20150511,0.00000
20150512,0.00000
20150513,0.00000
20150514,0.00000
20150515,0.00000
20150518,0.00000
20150519,0.00000
20150520,0.00000
20150521,0.00000
20150522,0.00000
20150526,0.00000
20150527,0.00000
20150528,0.00000
20150529,0.00000
20150601,0.00000
20150602,0.00000
20150603,0.00000
20150604,0.00000
20150605,0.00000
20150608,0.00000
20150609,0.00000
20150610,0.00000
20150611,0.00000
20150612,0.00000
20150615,0.00000
20150616,0.00000
20150617,0.00000
20150618,0.00000
20150619,0.00000
20150622,0.00000
20150623,0.00000
20150624,0.00000
20150625,0.00000
20150626,0.00000
20150629,0.00000
20150630,0.00000
20150701,0.00000
20150702,0.00000
20150706,0.00000
20150707,0.00000
20150708,0.00000
20150709,0.00000
20150710,0.00000
20150713,0.00000
20150714,0.00000
20150715,0.00000
20150716,0.00000
20150717,0.00000
20150720,0.00000
20150721,0.00000
20150722,0.00000
20150723,0.00000
20150724,0.00000
20150727,0.00000
20150728,0.00000
20150729,0.00000
20150730,0.00000
20150731,0.00000
20150803,0.00000
20150804,0.00000
20150805,0.00000
20150806,0.00000
20150807,0.00000
20150810,0.00000
20150811,0.00000
20150812,0.00000
20150813,0.00000
20150814,0.00000
20150817,0.00000
20150818,0.00000
20150819,0.00000
20150820,0.00000
20150821,0.00000
20150824,0.00000
20150825,0.00000
20150826,0.00000
20150827,0.00000
20150828,0.00000
20150831,0.00000
20150901,0.00000
20150902,0.00000
20150903,0.00000
20150904,0.00000
20150908,0.00000
20150909,0.00000
20150910,0.00000
20150911,0.00000
20150914,0.00000
20150915,0.00000
20150916,0.00000
20150917,0.00000
20150918,0.00000
20150921,0.00000
20150922,0.00000
20150923,0.00000
20150924,0.00000
20150925,0.00000
20150928,0.00000
20150929,0.00000
20150930,0.00000
20151001,0.00000
20151002,0.00000
20151005,0.00000
20151006,0.00000
20151007,0.00000
20151008,0.00000
20151009,0.00000
20151012,0.00000
20151013,0.00000
20151014,0.00000
20151015,0.00000
20151016,0.00000
20151019,0.00000
20151020,0.00000
20151021,0.00000
20151022,0.00000
20151023,0.00000
20151026,0.00000
20151027,0.00000
20151028,0.00000
20151029,0.00000
20151030,0.00000
20151102,0.00000
20151103,0.00000
20151104,0.00000
20151105,0.00000
20151106,0.00000
20151109,0.00000
20151110,0.00000
20151111,0.00000
20151112,0.00000
20151113,0.00000
20151116,0.00000
20151117,0.00000
20151118,0.00000
20151119,0.00000
20151120,0.00000
20151123,0.00000
20151124,0.00000
20151125,0.00000
20151127,0.00000
20151130,0.00000
20151201,0.00000
20151202,0.00000
20151203,0.00000
20151204,0.00000
20151207,0.00000
20151208,0.00000
20151209,0.00000
20151210,0.00000
20151211,0.00000
20151214,0.00000
20151215,0.00000
20151216,0.00000
20151217,0.00000
20151218,0.00000
20151221,0.00000
20151222,0.00000
20151223,0.00000
20151224,0.00000
20151228,0.00000
20151229,0.00000
20151230,0.00000
20151231,0.00000
20160104,0.00000
20160105,0.00000
20160106,0.00000
20160107,0.00000
20160108,0.00000
20160111,0.00000
20160112,0.00000
20160113,0.00000
20160114,0.00000
20160115,0.00000
20160119,0.00000
20160120,0.00000
20160121,0.00000
20160122,0.00000
20160125,0.00000
20160126,0.00000
20160127,0.00000
20160128,0.00000
20160129,0.00000
20160201,0.00001
20160202,0.00001
20160203,0.00001
20160204,0.00001
20160205,0.00001
20160208,0.00001
20160209,0.00001
20160210,0.00001
20160211,0.00001
20160212,0.00001
20160216,0.00001
20160217,0.00001
20160218,0.00001
20160219,0.00001
20160222,0.00001
20160223,0.00001
20160224,0.00001
20160225,0.00001
20160226,0.00001
20160229,0.00001
20160301,0.00001
20160302,0.00001
20160303,0.00001
20160304,0.00001
20160307,0.00001
20160308,0.00001
20160309,0.00001
20160310,0.00001
20160311,0.00001
20160314,0.00001
20160315,0.00001
20160316,0.00001
20160317,0.00001
20160318,0.00001
20160321,0.00001
20160322,0.00001
20160323,0.00001
20160324,0.00001
20160328,0.00001
20160329,0.00001
20160330,0.00001
20160331,0.00001
20160401,0.00000
20160404,0.00000
20160405,0.00000
20160406,0.00000
20160407,0.00000
20160408,0.00000
20160411,0.00000
20160412,0.00000
20160413,0.00000
20160414,0.00000
20160415,0.00000
20160418,0.00000
20160419,0.00000
20160420,0.00000
20160421,0.00000
20160422,0.00000
20160425,0.00000
20160426,0.00000
20160427,0.00000
20160428,0.00000
20160429,0.00000
20160502,0.00001
20160503,0.00001
20160504,0.00001
20160505,0.00001
20160506,0.00001
20160509,0.00001
20160510,0.00001
20160511,0.00001
20160512,0.00001
20160513,0.00001
20160516,0.00001
20160517,0.00001
20160518,0.00001
20160519,0.00001
20160520,0.00001
20160523,0.00001
20160524,0.00001
20160525,0.00001
20160526,0.00001
20160527,0.00001
20160531,0.00001
20160601,0.00001
20160602,0.00001
20160603,0.00001
20160606,0.00001
20160607,0.00001
20160608,0.00001
20160609,0.00001
20160610,0.00001
20160613,0.00001
20160614,0.00001
20160615,0.00001
20160616,0.00001
20160617,0.00001
20160620,0.00001
20160621,0.00001
20160622,0.00001
20160623,0.00001
20160624,0.00001
20160627,0.00001
20160628,0.00001
20160629,0.00001
20160630,0.00001
20160701,0.00001
20160705,0.00001
20160706,0.00001
20160707,0.00001
20160708,0.00001
20160711,0.00001
20160712,0.00001
20160713,0.00001
20160714,0.00001
20160715,0.00001
20160718,0.00001
20160719,0.00001
20160720,0.00001
20160721,0.00001
20160722,0.00001
20160725,0.00001
20160726,0.00001
20160727,0.00001
20160728,0.00001
20160729,0.00001
20160801,0.00001
20160802,0.00001
20160803,0.00001
20160804,0.00001
20160805,0.00001
20160808,0.00001
20160809,0.00001
20160810,0.00001
20160811,0.00001
20160812,0.00001
20160815,0.00001
20160816,0.00001
20160817,0.00001
20160818,0.00001
20160819,0.00001
20160822,0.00001
20160823,0.00001
20160824,0.00001
20160825,0.00001
20160826,0.00001
20160829,0.00001
20160830,0.00001
20160831,0.00001
20160901,0.00001
20160902,0.00001
20160906,0.00001
20160907,0.00001
20160908,0.00001
20160909,0.00001
20160912,0.00001
20160913,0.00001
20160914,0.00001
20160915,0.00001
20160916,0.00001
20160919,0.00001
20160920,0.00001
20160921,0.00001
20160922,0.00001
20160923,0.00001
20160926,0.00001
20160927,0.00001
20160928,0.00001
20160929,0.00001
20160930,0.00001
20161003,0.00001
20161004,0.00001
20161005,0.00001
20161006,0.00001
20161007,0.00001
20161010,0.00001
20161011,0.00001
20161012,0.00001
20161013,0.00001
20161014,0.00001
20161017,0.00001
20161018,0.00001
20161019,0.00001
20161020,0.00001
20161021,0.00001
20161024,0.00001
20161025,0.00001
20161026,0.00001
20161027,0.00001
20161028,0.00001
20161031,0.00001
20161101,0.00001
20161102,0.00001
20161103,0.00001
20161104,0.00001
20161107,0.00001
20161108,0.00001
20161109,0.00001
20161110,0.00001
20161111,0.00001
20161114,0.00001
20161115,0.00001
20161116,0.00001
20161117,0.00001
20161118,0.00001
20161121,0.00001
20161122,0.00001
20161123,0.00001
20161125,0.00001
20161128,0.00001
20161129,0.00001
20161130,0.00001
20161201,0.00001
20161202,0.00001
20161205,0.00001
20161206,0.00001
20161207,0.00001
20161208,0.00001
20161209,0.00001
20161212,0.00001
20161213,0.00001
20161214,0.00001
20161215,0.00001
20161216,0.00001
20161219,0.00001
20161220,0.00001
20161221,0.00001
20161222,0.00001
20161223,0.00001
20161227,0.00001
20161228,0.00001
20161229,0.00001
20161230,0.00001
20170103,0.00002
20170104,0.00002
20170105,0.00002
20170106,0.00002
20170109,0.00002
20170110,0.00002
20170111,0.00002
20170112,0.00002
20170113,0.00002
20170117,0.00002
20170118,0.00002
20170119,0.00002
20170120,0.00002
20170123,0.00002
20170124,0.00002
20170125,0.00002
20170126,0.00002
20170127,0.00002
20170130,0.00002
20170131,0.00002
20170201,0.00002
20170202,0.00002
20170203,0.00002
20170206,0.00002
20170207,0.00002
20170208,0.00002
20170209,0.00002
20170210,0.00002
20170213,0.00002
20170214,0.00002
20170215,0.00002
20170216,0.00002
20170217,0.00002
20170221,0.00002
20170222,0.00002
20170223,0.00002
20170224,0.00002
20170227,0.00002
20170228,0.00002
20170301,0.00001
20170302,0.00001
20170303,0.00001
20170306,0.00001
20170307,0.00001
20170308,0.00001
20170309,0.00001
20170310,0.00001
20170313,0.00001
20170314,0.00001
20170315,0.00001
20170316,0.00001
20170317,0.00001
20170320,0.00001
20170321,0.00001
20170322,0.00001
20170323,0.00001
20170324,0.00001
20170327,0.00001
20170328,0.00001
20170329,0.00001
20170330,0.00001
20170331,0.00001
20170403,0.00003
20170404,0.00003
20170405,0.00003
20170406,0.00003
20170407,0.00003
20170410,0.00003
20170411,0.00003
20170412,0.00003
20170413,0.00003
20170417,0.00003
20170418,0.00003
20170419,0.00003
20170420,0.00003
20170421,0.00003
20170424,0.00003
20170425,0.00003
20170426,0.00003
20170427,0.00003
20170428,0.00003
20170501,0.00003
20170502,0.00003
20170503,0.00003
20170504,0.00003
20170505,0.00003
20170508,0.00003
20170509,0.00003
20170510,0.00003
20170511,0.00003
20170512,0.00003
20170515,0.00003
20170516,0.00003
20170517,0.00003
20170518,0.00003
20170519,0.00003
20170522,0.00003
20170523,0.00003
20170524,0.00003
20170525,0.00003
20170526,0.00003
20170530,0.00003
20170531,0.00003
20170601,0.00003
20170602,0.00003
20170605,0.00003
20170606,0.00003
20170607,0.00003
20170608,0.00003
20170609,0.00003
20170612,0.00003
20170613,0.00003
20170614,0.00003
20170615,0.00003
20170616,0.00003
20170619,0.00003
20170620,0.00003
20170621,0.00003
20170622,0.00003
20170623,0.00003
20170626,0.00003
20170627,0.00003
20170628,0.00003
20170629,0.00003
20170630,0.00003
20170703,0.00004
20170705,0.00004
20170706,0.00004
20170707,0.00004
20170710,0.00004
20170711,0.00004
20170712,0.00004
20170713,0.00004
20170714,0.00004
20170717,0.00004
20170718,0.00004
20170719,0.00004
20170720,0.00004
20170721,0.00004
20170724,0.00004
20170725,0.00004
20170726,0.00004
20170727,0.00004
20170728,0.00004
20170731,0.00004
20170801,0.00004
20170802,0.00004
20170803,0.00004
20170804,0.00004
20170807,0.00004
20170808,0.00004
20170809,0.00004
20170810,0.00004
20170811,0.00004
20170814,0.00004
20170815,0.00004
20170816,0.00004
20170817,0.00004
20170818,0.00004
20170821,0.00004
20170822,0.00004
20170823,0.00004
20170824,0.00004
20170825,0.00004
20170828,0.00004
20170829,0.00004
20170830,0.00004
20170831,0.00004
20170901,0.00005
20170905,0.00005
20170906,0.00005
20170907,0.00005
20170908,0.00005
20170911,0.00005
20170912,0.00005
20170913,0.00005
20170914,0.00005
20170915,0.00005
20170918,0.00005
20170919,0.00005
20170920,0.00005
20170921,0.00005
20170922,0.00005
20170925,0.00005
20170926,0.00005
20170927,0.00005
20170928,0.00005
20170929,0.00005
20171002,0.00004
20171003,0.00004
20171004,0.00004
20171005,0.00004
20171006,0.00004
20171009,0.00004
20171010,0.00004
20171011,0.00004
20171012,0.00004
20171013,0.00004
20171016,0.00004
20171017,0.00004
20171018,0.00004
20171019,0.00004
20171020,0.00004
20171023,0.00004
20171024,0.00004
20171025,0.00004
20171026,0.00004
20171027,0.00004
20171030,0.00004
20171031,0.00004
20171101,0.00004
20171102,0.00004
20171103,0.00004
20171106,0.00004
20171107,0.00004
20171108,0.00004
20171109,0.00004
20171110,0.00004
20171113,0.00004
20171114,0.00004
20171115,0.00004
20171116,0.00004
20171117,0.00004
20171120,0.00004
20171121,0.00004
20171122,0.00004
20171124,0.00004
20171127,0.00004
20171128,0.00004
20171129,0.00004
20171130,0.00004
20171201,0.00004
20171204,0.00004
20171205,0.00004
20171206,0.00004
20171207,0.00004
20171208,0.00004
20171211,0.00004
20171212,0.00004
20171213,0.00004
20171214,0.00004
20171215,0.00004
20171218,0.00004
20171219,0.00004
20171220,0.00004
20171221,0.00004
20171222,0.00004
20171226,0.00004
20171227,0.00004
20171228,0.00004
20171229,0.00004
20180102,0.00005
20180103,0.00005
20180104,0.00005
20180105,0.00005
20180108,0.00005
20180109,0.00005
20180110,0.00005
20180111,0.00005
20180112,0.00005
20180116,0.00005
20180117,0.00005
20180118,0.00005
20180119,0.00005
20180122,0.00005
20180123,0.00005
20180124,0.00005
20180125,0.00005
20180126,0.00005
20180129,0.00005
20180130,0.00005
20180131,0.00005
20180201,0.00006
20180202,0.00006
20180205,0.00006
20180206,0.00006
20180207,0.00006
20180208,0.00006
20180209,0.00006
20180212,0.00006
20180213,0.00006
20180214,0.00006
20180215,0.00006
20180216,0.00006
20180220,0.00006
20180221,0.00006
20180222,0.00006
20180223,0.00006
20180226,0.00006
20180227,0.00006
20180228,0.00006
20180301,0.00006
20180302,0.00006
20180305,0.00006
20180306,0.00006
20180307,0.00006
20180308,0.00006
20180309,0.00006
20180312,0.00006
20180313,0.00006
20180314,0.00006
20180315,0.00006
20180316,0.00006
20180319,0.00006
20180320,0.00006
20180321,0.00006
20180322,0.00006
20180323,0.00006
20180326,0.00006
20180327,0.00006
20180328,0.00006
20180329,0.00006
20180402,0.00007
20180403,0.00007
20180404,0.00007
20180405,0.00007
20180406,0.00007
20180409,0.00007
20180410,0.00007
20180411,0.00007
20180412,0.00007
20180413,0.00007
20180416,0.00007
20180417,0.00007
20180418,0.00007
20180419,0.00007
20180420,0.00007
20180423,0.00007
20180424,0.00007
20180425,0.00007
20180426,0.00007
20180427,0.00007
20180430,0.00007
20180501,0.00006
20180502,0.00006
20180503,0.00006
20180504,0.00006
20180507,0.00006
20180508,0.00006
20180509,0.00006
20180510,0.00006
20180511,0.00006
20180514,0.00006
20180515,0.00006
20180516,0.00006
20180517,0.00006
20180518,0.00006
20180521,0.00006
20180522,0.00006
20180523,0.00006
20180524,0.00006
20180525,0.00006
20180529,0.00006
20180530,0.00006
20180531,0.00006
20180601,0.00006
20180604,0.00006
20180605,0.00006
20180606,0.00006
20180607,0.00006
20180608,0.00006
20180611,0.00006
20180612,0.00006
20180613,0.00006
20180614,0.00006
20180615,0.00006
20180618,0.00006
20180619,0.00006
20180620,0.00006
20180621,0.00006
20180622,0.00006
20180625,0.00006
20180626,0.00006
20180627,0.00006
20180628,0.00006
20180629,0.00006
20180702,0.00008
20180703,0.00008
20180705,0.00008
20180706,0.00008
20180709,0.00008
20180710,0.00008
20180711,0.00008
20180712,0.00008
20180713,0.00008
20180716,0.00008
20180717,0.00008
20180718,0.00008
20180719,0.00008
20180720,0.00008
20180723,0.00008
20180724,0.00008
20180725,0.00008
20180726,0.00008
20180727,0.00008
20180730,0.00008
20180731,0.00008
20180801,0.00007
20180802,0.00007
20180803,0.00007
20180806,0.00007
20180807,0.00007
20180808,0.00007
20180809,0.00007
20180810,0.00007
20180813,0.00007
20180814,0.00007
20180815,0.00007
20180816,0.00007
20180817,0.00007
20180820,0.00007
20180821,0.00007
20180822,0.00007
20180823,0.00007
20180824,0.00007
20180827,0.00007
20180828,0.00007
20180829,0.00007
20180830,0.00007
20180831,0.00007
20180904,0.00008
20180905,0.00008
20180906,0.00008
20180907,0.00008
20180910,0.00008
20180911,0.00008
20180912,0.00008
20180913,0.00008
20180914,0.00008
20180917,0.00008
20180918,0.00008
20180919,0.00008
20180920,0.00008
20180921,0.00008
20180924,0.00008
20180925,0.00008
20180926,0.00008
20180927,0.00008
20180928,0.00008
20181001,0.00008
20181002,0.00008
20181003,0.00008
20181004,0.00008
20181005,0.00008
20181008,0.00008
20181009,0.00008
20181010,0.00008
20181011,0.00008
20181012,0.00008
20181015,0.00008
20181016,0.00008
20181017,0.00008
20181018,0.00008
20181019,0.00008
20181022,0.00008
20181023,0.00008
20181024,0.00008
20181025,0.00008
20181026,0.00008
20181029,0.00008
20181030,0.00008
20181031,0.00008
20181101,0.00008
20181102,0.00008
20181105,0.00008
20181106,0.00008
20181107,0.00008
20181108,0.00008
20181109,0.00008
20181112,0.00008
20181113,0.00008
20181114,0.00008
20181115,0.00008
20181116,0.00008
20181119,0.00008
20181120,0.00008
20181121,0.00008
20181123,0.00008
20181126,0.00008
20181127,0.00008
20181128,0.00008
20181129,0.00008
20181130,0.00008
20181203,0.00010
20181204,0.00010
20181206,0.00010
20181207,0.00010
20181210,0.00010
20181211,0.00010
20181212,0.00010
20181213,0.00010
20181214,0.00010
20181217,0.00010
20181218,0.00010
20181219,0.00010
20181220,0.00010
20181221,0.00010
20181224,0.00010
20181226,0.00010
20181227,0.00010
20181228,0.00010
20181231,0.00010
20190102,0.00010
20190103,0.00010
20190104,0.00010
20190107,0.00010
20190108,0.00010
20190109,0.00010
20190110,0.00010
20190111,0.00010
20190114,0.00010
20190115,0.00010
20190116,0.00010
20190117,0.00010
20190118,0.00010
20190122,0.00010
20190123,0.00010
20190124,0.00010
20190125,0.00010
20190128,0.00010
20190129,0.00010
20190130,0.00010
20190131,0.00010
20190201,0.00010
20190204,0.00010
20190205,0.00010
20190206,0.00010
20190207,0.00010
20190208,0.00010
20190211,0.00010
20190212,0.00010
20190213,0.00010
20190214,0.00010
20190215,0.00010
20190219,0.00010
20190220,0.00010
20190221,0.00010
20190222,0.00010
20190225,0.00010
20190226,0.00010
20190227,0.00010
20190228,0.00010
20190301,0.00009
20190304,0.00009
20190305,0.00009
20190306,0.00009
20190307,0.00009
20190308,0.00009
20190311,0.00009
20190312,0.00009
20190313,0.00009
20190314,0.00009
20190315,0.00009
20190318,0.00009
20190319,0.00009
20190320,0.00009
20190321,0.00009
20190322,0.00009
20190325,0.00009
20190326,0.00009
20190327,0.00009
20190328,0.00009
20190329,0.00009
20190401,0.00010
20190402,0.00010
20190403,0.00010
20190404,0.00010
20190405,0.00010
20190408,0.00010
20190409,0.00010
20190410,0.00010
20190411,0.00010
20190412,0.00010
20190415,0.00010
20190416,0.00010
20190417,0.00010
20190418,0.00010
20190422,0.00010
20190423,0.00010
20190424,0.00010
20190425,0.00010
20190426,0.00010
20190429,0.00010
20190430,0.00010
20190501,0.00009
20190502,0.00009
20190503,0.00009
20190506,0.00009
20190507,0.00009
20190508,0.00009
20190509,0.00009
20190510,0.00009
20190513,0.00009
20190514,0.00009
20190515,0.00009
20190516,0.00009
20190517,0.00009
20190520,0.00009
20190521,0.00009
20190522,0.00009
20190523,0.00009
20190524,0.00009
20190528,0.00009
20190529,0.00009
20190530,0.00009
20190531,0.00009
20190603,0.00009
20190604,0.00009
20190605,0.00009
20190606,0.00009
20190607,0.00009
20190610,0.00009
20190611,0.00009
20190612,0.00009
20190613,0.00009
20190614,0.00009
20190617,0.00009
20190618,0.00009
20190619,0.00009
20190620,0.00009
20190621,0.00009
20190624,0.00009
20190625,0.00009
20190626,0.00009
20190627,0.00009
20190628,0.00009
20190701,0.00009
20190702,0.00009
20190703,0.00009
20190705,0.00009
20190708,0.00009
20190709,0.00009
20190710,0.00009
20190711,0.00009
20190712,0.00009
20190715,0.00009
20190716,0.00009
20190717,0.00009
20190718,0.00009
20190719,0.00009
20190722,0.00009
20190723,0.00009
20190724,0.00009
20190725,0.00009
20190726,0.00009
20190729,0.00009
20190730,0.00009
20190731,0.00009
20190801,0.00007
20190802,0.00007
20190805,0.00007
20190806,0.00007
20190807,0.00007
20190808,0.00007
20190809,0.00007
20190812,0.00007
20190813,0.00007
20190814,0.00007
20190815,0.00007
20190816,0.00007
20190819,0.00007
20190820,0.00007
20190821,0.00007
20190822,0.00007
20190823,0.00007
20190826,0.00007
20190827,0.00007
20190828,0.00007
20190829,0.00007
20190830,0.00007
20190903,0.00009
20190904,0.00009
20190905,0.00009
20190906,0.00009
20190909,0.00009
20190910,0.00009
20190911,0.00009
20190912,0.00009
20190913,0.00009
20190916,0.00009
20190917,0.00009
20190918,0.00009
20190919,0.00009
20190920,0.00009
20190923,0.00009
20190924,0.00009
20190925,0.00009
20190926,0.00009
20190927,0.00009
20190930,0.00009
20191001,0.00007
20191002,0.00007
20191003,0.00007
20191004,0.00007
20191007,0.00007
20191008,0.00007
20191009,0.00007
20191010,0.00007
20191011,0.00007
20191014,0.00007
20191015,0.00007
20191016,0.00007
20191017,0.00007
20191018,0.00007
20191021,0.00007
20191022,0.00007
20191023,0.00007
20191024,0.00007
20191025,0.00007
20191028,0.00007
20191029,0.00007
20191030,0.00007
20191031,0.00007
20191101,0.00006
20191104,0.00006
20191105,0.00006
20191106,0.00006
20191107,0.00006
20191108,0.00006
20191111,0.00006
20191112,0.00006
20191113,0.00006
20191114,0.00006
20191115,0.00006
20191118,0.00006
20191119,0.00006
20191120,0.00006
20191121,0.00006
20191122,0.00006
20191125,0.00006
20191126,0.00006
20191127,0.00006
20191129,0.00006
20191202,0.00007
20191203,0.00007
20191204,0.00007
20191205,0.00007
20191206,0.00007
20191209,0.00007
20191210,0.00007
20191211,0.00007
20191212,0.00007
20191213,0.00007
20191216,0.00007
20191217,0.00007
20191218,0.00007
20191219,0.00007
20191220,0.00007
20191223,0.00007
20191224,0.00007
20191226,0.00007
20191227,0.00007
20191230,0.00007
20191231,0.00007
20200102,0.00006
20200103,0.00006
20200106,0.00006
20200107,0.00006
20200108,0.00006
20200109,0.00006
20200110,0.00006
20200113,0.00006
20200114,0.00006
20200115,0.00006
20200116,0.00006
20200117,0.00006
20200121,0.00006
20200122,0.00006
20200123,0.00006
20200124,0.00006
20200127,0.00006
20200128,0.00006
20200129,0.00006
20200130,0.00006
20200131,0.00006
20200203,0.00006
20200204,0.00006
20200205,0.00006
20200206,0.00006
20200207,0.00006
20200210,0.00006
20200211,0.00006
20200212,0.00006
20200213,0.00006
20200214,0.00006
20200218,0.00006
20200219,0.00006
20200220,0.00006
20200221,0.00006
20200224,0.00006
20200225,0.00006
20200226,0.00006
20200227,0.00006
20200228,0.00006
20200302,0.00006
20200303,0.00006
20200304,0.00006
20200305,0.00006
20200306,0.00006
20200309,0.00006
20200310,0.00006
20200311,0.00006
20200312,0.00006
20200313,0.00006
20200316,0.00006
20200317,0.00006
20200318,0.00006
20200319,0.00006
20200320,0.00006
20200323,0.00006
20200324,0.00006
20200325,0.00006
20200326,0.00006
20200327,0.00006
20200330,0.00006
20200331,0.00006
20200401,0.00000
20200402,0.00000
20200403,0.00000
20200406,0.00000
20200407,0.00000
20200408,0.00000
20200409,0.00000
20200413,0.00000
20200414,0.00000
20200415,0.00000
20200416,0.00000
20200417,0.00000
20200420,0.00000
20200421,0.00000
20200422,0.00000
20200423,0.00000
20200424,0.00000
20200427,0.00000
20200428,0.00000
20200429,0.00000
20200430,0.00000
20200501,0.00000
20200504,0.00000
20200505,0.00000
20200506,0.00000
20200507,0.00000
20200508,0.00000
20200511,0.00000
20200512,0.00000
20200513,0.00000
20200514,0.00000
20200515,0.00000
20200518,0.00000
20200519,0.00000
20200520,0.00000
20200521,0.00000
20200522,0.00000
20200526,0.00000
20200527,0.00000
20200528,0.00000
20200529,0.00000
20200601,0.00000
20200602,0.00000
20200603,0.00000
20200604,0.00000
20200605,0.00000
20200608,0.00000
20200609,0.00000
20200610,0.00000
20200611,0.00000
20200612,0.00000
20200615,0.00000
20200616,0.00000
20200617,0.00000
20200618,0.00000
20200619,0.00000
20200622,0.00000
20200623,0.00000
20200624,0.00000
20200625,0.00000
20200626,0.00000
20200629,0.00000
20200630,0.00000
20200701,0.00000
20200702,0.00000
20200706,0.00000
20200707,0.00000
20200708,0.00000
20200709,0.00000
20200710,0.00000
20200713,0.00000
20200714,0.00000
20200715,0.00000
20200716,0.00000
20200717,0.00000
20200720,0.00000
20200721,0.00000
20200722,0.00000
20200723,0.00000
20200724,0.00000
20200727,0.00000
20200728,0.00000
20200729,0.00000
20200730,0.00000
20200731,0.00000
20200803,0.00000
20200804,0.00000
20200805,0.00000
20200806,0.00000
20200807,0.00000
20200810,0.00000
20200811,0.00000
20200812,0.00000
20200813,0.00000
20200814,0.00000
20200817,0.00000
20200818,0.00000
20200819,0.00000
20200820,0.00000
20200821,0.00000
20200824,0.00000
20200825,0.00000
20200826,0.00000
20200827,0.00000
20200828,0.00000
20200831,0.00000
20200901,0.00000
20200902,0.00000
20200903,0.00000
20200904,0.00000
20200908,0.00000
20200909,0.00000
20200910,0.00000
20200911,0.00000
20200914,0.00000
20200915,0.00000
20200916,0.00000
20200917,0.00000
20200918,0.00000
20200921,0.00000
20200922,0.00000
20200923,0.00000
20200924,0.00000
20200925,0.00000
20200928,0.00000
20200929,0.00000
20200930,0.00000
20201001,0.00000
20201002,0.00000
20201005,0.00000
20201006,0.00000
20201007,0.00000
20201008,0.00000
20201009,0.00000
20201012,0.00000
20201013,0.00000
20201014,0.00000
20201015,0.00000
20201016,0.00000
20201019,0.00000
20201020,0.00000
20201021,0.00000
20201022,0.00000
20201023,0.00000
20201026,0.00000
20201027,0.00000
20201028,0.00000
20201029,0.00000
20201030,0.00000
20201102,0.00000
20201103,0.00000
20201104,0.00000
20201105,0.00000
20201106,0.00000
20201109,0.00000
20201110,0.00000
20201111,0.00000
20201112,0.00000
20201113,0.00000
20201116,0.00000
20201117,0.00000
20201118,0.00000
20201119,0.00000
20201120,0.00000
20201123,0.00000
20201124,0.00000
20201125,0.00000
20201127,0.00000
20201130,0.00000
20201201,0.00000
20201202,0.00000
20201203,0.00000
20201204,0.00000
20201207,0.00000
20201208,0.00000
20201209,0.00000
20201210,0.00000
20201211,0.00000
20201214,0.00000
20201215,0.00000
20201216,0.00000
20201217,0.00000
20201218,0.00000
20201221,0.00000
20201222,0.00000
20201223,0.00000
20201224,0.00000
20201228,0.00000
20201229,0.00000
20201230,0.00000
20201231,0.00000
